duration,rms,zcr,mfcc_1,mfcc_2,mfcc_3,mfcc_4,mfcc_5,mfcc_6,mfcc_7,mfcc_8,mfcc_9,mfcc_10,mfcc_11,mfcc_12,mfcc_13,label
1.984,0.015236639,0.15657378008021391,-541.51227,52.662807,-11.645652,8.198553,10.718415,-11.9279,-9.920206,-5.988902,-6.204466,-2.6767411,-5.124688,-7.428684,-5.310772,hey_tvs
1.984,0.011853504,0.16444372493315507,-599.71265,66.73148,-19.712925,6.970901,8.525608,-14.90471,-7.1447854,-6.4497366,-7.1382213,-1.5793961,-7.1789618,-9.171617,-6.510363,hey_tvs
1.984,0.011532467,0.1698931525735294,-600.22205,68.93888,-16.67902,7.1595516,10.311247,-13.280804,-9.350856,-7.8518353,-6.0271416,-0.8842669,-7.1446795,-9.512911,-6.695665,hey_tvs
1.984,0.009121762,0.17459579712566844,-623.11206,62.32529,-11.051324,7.396325,7.4256287,-13.981106,-8.049589,-5.7613845,-6.5131965,-2.7797492,-8.41352,-8.519971,-2.7347012,hey_tvs
1.984,0.009441407,0.20197610294117646,-596.6612,50.329876,-7.193581,3.5177674,6.4890966,-8.495776,-8.399817,-6.7002764,-3.9377441,-1.5616504,-7.3465877,-7.623672,-3.1881943,hey_tvs
1.984,0.014032402,0.19109030330882354,-596.68774,66.178154,-18.697939,8.73994,11.473489,-9.717788,-8.722544,-12.696519,-2.0700748,7.512271,-8.895126,-14.492317,-8.780426,hey_tvs
1.984,0.013141224,0.17530080213903743,-585.89276,67.600044,-16.193064,8.350619,11.3332615,-9.205333,-8.54131,-13.153174,-3.3695972,8.844416,-7.122713,-16.482445,-8.929628,hey_tvs
1.984,0.011030733,0.18516826119652408,-605.3856,67.29928,-16.97606,6.9719734,10.644776,-9.128421,-8.048392,-12.608787,-3.588707,8.370985,-7.33161,-17.064468,-9.091124,hey_tvs
1.984,0.008703597,0.1873537767379679,-619.5516,64.9805,-11.633084,4.700259,10.035484,-6.4044614,-9.469186,-13.357886,-3.3219337,6.8565745,-6.9584346,-16.124994,-9.4187565,hey_tvs
1.984,0.009481065,0.1997357536764706,-605.1372,62.00011,-12.731059,5.1772184,9.708054,-7.333963,-9.182264,-12.440592,-3.4528542,5.375515,-7.6006474,-14.407461,-8.277353,hey_tvs
1.984,0.0143290665,0.17243639288101603,-596.1511,72.014694,-16.017374,15.659216,9.681586,-14.018424,-7.1965775,-12.5871935,-3.2507474,5.8569407,-11.089724,-12.760549,-5.0655413,hey_tvs
1.984,0.01692478,0.18389664104278075,-552.2131,68.88744,-14.020186,9.496066,10.365886,-10.642791,-10.360596,-14.071785,-3.1152983,6.4703393,-10.252854,-15.381026,-5.7952905,hey_tvs
1.984,0.012709689,0.18714488636363635,-580.1447,66.30291,-13.111343,12.06204,9.007439,-12.750899,-9.513212,-13.228042,-2.6979744,5.91635,-12.213248,-14.262142,-3.780391,hey_tvs
1.984,0.012155198,0.190231241644385,-598.5176,69.48863,-14.7668915,12.277956,8.403147,-13.236483,-8.35781,-13.903673,-3.9432397,7.0796485,-10.220536,-14.754008,-6.130719,hey_tvs
1.984,0.012322585,0.18588632185828877,-594.56067,66.318985,-9.424996,10.485648,7.603246,-12.671388,-9.96404,-12.202125,-2.548551,6.0019903,-9.439081,-12.9429035,-4.6892037,hey_tvs
1.984,0.013745979,0.13918104528743316,-595.8426,85.536674,-8.851582,15.288224,15.151122,-1.1002752,3.2083454,-7.7981634,-4.2763667,1.8264166,-9.173831,-6.530454,-6.784581,hey_tvs
1.984,0.011786882,0.13830892797459893,-599.89905,82.871544,-3.3878334,16.583565,17.473234,2.8542924,3.5982451,-6.836224,-0.9527059,3.4222643,-10.743281,-9.07673,-8.195211,hey_tvs
1.984,0.011021804,0.1789172167446524,-614.7795,82.27095,-13.209598,13.304568,12.166264,-2.1582022,5.250646,-9.323044,-6.494027,2.6004589,-10.131655,-6.6050296,-4.1625733,hey_tvs
1.984,0.012269183,0.1668041861631016,-605.34924,89.36829,-12.326263,15.050541,15.440273,-1.340804,3.3356647,-10.782743,-5.37055,4.3553004,-9.525375,-5.3871374,-3.0231657,hey_tvs
1.984,0.0066084787,0.1543386530748663,-651.49677,94.54357,-5.5207133,13.442697,13.415269,-4.6060467,-0.34806195,-7.840195,-4.964066,0.97357094,-7.7041836,-6.027029,-6.977001,hey_tvs
1.984,0.01875221,0.146484375,-546.3457,68.54926,-14.967374,18.98451,21.907001,-5.149456,-4.130873,-6.7957745,-2.497849,3.538629,-6.3487864,-7.5452433,-6.4849763,hey_tvs
1.984,0.018100008,0.1930590950868984,-581.51874,76.96947,-24.081833,20.694695,22.51148,-9.63606,-2.8802838,-5.7834086,-3.0324223,4.5395503,-7.647825,-8.530289,-5.778016,hey_tvs
1.984,0.018698687,0.16617229278074866,-555.1739,70.59852,-22.35085,19.644476,23.254055,-8.518324,-5.2344127,-5.878763,-3.9267833,-0.009942774,-8.710745,-8.803629,-7.8130674,hey_tvs
1.984,0.019119313,0.18053872827540107,-583.57684,86.1348,-21.796429,18.606688,21.519878,-8.20696,-4.1995316,-11.069556,-5.684284,5.038105,-11.094781,-13.258976,-6.0437574,hey_tvs
1.984,0.017553832,0.17705025902406418,-552.0979,74.03712,-18.188477,13.729198,19.277943,-3.3475075,-4.9480987,-12.426844,-2.6420534,5.786529,-10.832775,-10.779219,-5.506137,hey_tvs
1.984,0.00827842,0.12383282503342247,-639.1468,72.358635,1.7198173,12.01636,17.610039,-3.7160606,-10.311568,-5.3368087,0.4079638,2.6159883,0.0457647,-3.7646213,-8.95636,hey_tvs
1.984,0.009366942,0.14635642964572193,-627.461,66.11783,-1.7892067,16.473478,16.514935,-4.0539484,-4.811969,-5.7036457,-1.3456806,2.7057395,-3.5072334,-5.8242016,-8.721515,hey_tvs
1.984,0.009093643,0.17827226771390375,-649.1479,74.714836,-7.7431993,14.7999,16.582758,-5.6129384,-4.6631975,-6.275932,-2.2612324,4.09594,-0.9743108,-4.033757,-8.658011,hey_tvs
1.984,0.0089561995,0.12809157754010694,-630.38416,78.12522,7.768009,20.67278,19.211576,-1.9117986,-4.065664,-5.4243107,-1.8080692,2.8548238,-2.548267,-7.166775,-11.164578,hey_tvs
1.984,0.009937737,0.11350841828208556,-617.0043,92.439224,8.950712,16.887564,15.719964,-3.3500938,-4.546832,-7.973467,-4.7548842,2.6235054,-1.3869908,-6.4611993,-10.612356,hey_tvs
1.984,0.0061538587,0.1980829085895722,-690.7552,53.95665,-25.889153,8.74751,11.976284,-7.761998,0.047988933,-8.012802,-7.607576,6.967696,-0.8910191,-8.706022,-4.3652706,hey_tvs
1.984,0.007880113,0.200393758355615,-674.73004,59.026676,-27.021118,11.140543,13.93322,-8.877271,-0.71074396,-8.853386,-8.391029,5.8789277,-3.9399672,-10.441897,-3.577574,hey_tvs
1.984,0.007333405,0.18716838653074866,-676.29047,66.93566,-27.913979,12.606286,19.218246,-7.198545,-3.5724397,-11.451759,-8.4727955,6.5600495,-4.715333,-11.897319,-3.722839,hey_tvs
1.984,0.008032062,0.17980238970588236,-661.90125,65.02005,-22.180006,15.475098,21.29481,-6.351525,-4.7384205,-9.90863,-6.5209465,6.2978044,-4.444051,-11.714804,-4.648922,hey_tvs
1.984,0.0062080827,0.17810776654411764,-686.41266,64.598785,-21.334644,13.129799,17.185797,-6.899581,-2.3145118,-8.411755,-5.741139,7.6180654,-3.3533087,-10.64608,-3.466985,hey_tvs
1.984,0.012549352,0.13770053475935828,-584.75946,74.88064,-8.903102,18.501875,18.183613,-5.6587768,1.0432404,-2.0066442,-6.7695365,-2.0703743,-2.8769135,-5.713563,-13.110041,hey_tvs
1.984,0.0115448255,0.13571607620320855,-595.1087,72.07798,-10.123432,15.577682,18.637611,-3.5803826,1.5642619,-1.6765853,-6.393514,-0.03073528,-0.809949,-7.058022,-14.594578,hey_tvs
1.984,0.013270498,0.14276351520721925,-590.83044,75.70636,-10.886794,15.733339,17.11199,-4.19496,2.011,-4.737513,-8.336256,1.3678282,-0.82322407,-7.5833955,-14.185068,hey_tvs
1.984,0.014691601,0.1526257520053476,-585.39575,73.74504,-16.603306,15.924528,20.431154,-3.3412535,1.4177077,-4.374966,-6.721305,2.3645754,-0.81782025,-7.9574714,-15.445173,hey_tvs
1.984,0.015579824,0.20560296206550802,-594.3976,73.86614,-20.094196,13.367468,19.528608,-4.8006983,-0.61811006,-4.9589357,-6.191051,1.8221109,-1.2501476,-6.4260306,-14.127484,hey_tvs
1.984,0.023138503,0.19711417947860962,-502.2671,46.402084,-21.038769,14.109618,10.68472,-17.705667,-8.514025,-11.141377,-14.353771,0.5160371,-3.2072752,-13.85762,-8.338349,hey_tvs
1.984,0.021021025,0.17567941594251338,-511.10602,50.12209,-24.770857,12.530267,12.182225,-15.572357,-9.028951,-13.506577,-12.289703,3.5325575,-5.222138,-15.407486,-7.3529215,hey_tvs
1.984,0.027134798,0.18274513285427807,-489.26053,47.25285,-18.043959,13.930444,9.752219,-16.649458,-9.638797,-11.609489,-8.678558,4.058397,-6.560526,-14.6232195,-5.7554483,hey_tvs
1.984,0.021730747,0.1987017463235294,-510.69693,41.23859,-21.427277,17.38309,11.586906,-16.893415,-7.5982714,-11.517195,-10.60395,4.2696443,-6.533582,-16.02739,-5.424417,hey_tvs
1.984,0.014543526,0.18151529077540107,-528.9739,44.16195,-20.765127,14.0102825,9.026004,-15.642734,-6.171638,-10.108541,-8.517214,5.2023535,-5.9595575,-14.978318,-5.160316,hey_tvs
1.984,0.009073048,0.21959339488636365,-648.53845,58.978176,-16.315516,9.043719,5.0452337,-2.7080576,9.149217,-4.3399105,-3.5501654,3.3951325,-4.839469,-1.7728788,-6.2627254,hey_tvs
1.984,0.007974953,0.19423149231283424,-653.29553,59.789658,-7.123123,9.316136,7.0301414,-0.47225845,5.872987,-4.889931,-3.5085928,1.8890979,-3.8661358,-1.1542507,-5.6726074,hey_tvs
1.984,0.008975315,0.1569497827540107,-632.35425,77.16806,-5.828369,6.7802997,8.091774,-0.09546241,3.395215,-7.825411,-5.0723524,2.1972954,-3.3625455,-1.7496786,-6.973118,hey_tvs
1.984,0.009609384,0.20865798379010694,-633.5152,58.43269,-14.929867,5.788111,8.7882595,1.2001324,6.3155823,-4.9866977,-3.8374987,2.0640395,-2.5152085,0.6477993,-6.0320163,hey_tvs
1.984,0.009161587,0.18049695020053477,-639.47845,64.189095,-10.848801,8.584861,9.904567,0.15785421,4.748209,-4.679029,-2.2982183,1.9550278,-4.3926473,-0.4925162,-5.3455195,hey_tvs
1.984,0.022126976,0.20097865140374332,-571.69006,45.178715,-2.529249,8.17473,17.312696,7.3702903,-0.8210733,-5.459116,-1.3745892,1.1992465,-3.2400475,-4.245458,-6.1782265,hey_tvs
1.984,0.023266288,0.17009943181818182,-565.6366,50.630505,-8.533028,10.901912,22.25301,7.8849654,1.1665928,-3.137993,-0.075850636,2.6257749,-3.4181845,-5.5317473,-8.299962,hey_tvs
1.984,0.020700596,0.17411273813502673,-577.0505,49.3156,-7.0046477,11.868319,24.254442,10.486292,1.5624045,-4.158222,-1.7296116,0.82437444,-3.3704174,-4.2794247,-7.3064537,hey_tvs
1.984,0.021527112,0.18548420788770054,-569.3034,51.885357,-7.839473,12.0161085,22.081938,8.472963,2.3940763,-4.901587,-3.7306097,0.2032296,-3.0977175,-3.1616173,-6.87768,hey_tvs
1.984,0.021064525,0.13715741978609625,-567.32965,57.865494,-4.4192667,9.003438,21.742317,9.557899,0.58289963,-5.626895,-3.157801,1.1993297,-2.1337981,-3.8287299,-6.6320343,hey_tvs
1.984,0.012173436,0.19671467663770054,-610.1269,47.14539,-8.949491,15.015522,18.303911,-2.4089663,-6.9401283,-5.3974524,4.3002586,4.5638285,-5.5720105,-2.0978951,-2.3779933,hey_tvs
1.984,0.008536149,0.1962420621657754,-644.0079,49.38914,-7.7079754,17.191853,21.930117,0.2819259,-5.612997,-3.746227,6.507573,5.4688683,-7.8008766,-4.6184344,-1.4070255,hey_tvs
1.984,0.0098074125,0.18623882436497327,-631.14154,51.83134,-12.141705,18.632895,20.947319,-1.6305693,-5.416582,-6.483089,4.6994133,5.576429,-6.732208,-1.3337893,-1.7610116,hey_tvs
1.984,0.01151362,0.16208848596256684,-632.01184,61.87013,-9.895862,19.761179,21.052973,-3.2854152,-7.8059525,-7.9172387,6.38686,7.5745144,-7.9237523,-2.7616725,-2.5304778,hey_tvs
1.984,0.009242233,0.1902886864973262,-632.0394,46.3445,-8.864176,20.8035,21.0009,-2.6900704,-5.1946516,-3.9323614,5.478731,4.5573516,-8.270461,-2.6182227,-0.2422283,hey_tvs
1.984,0.01664757,0.18660960477941177,-596.30927,52.50702,-12.150713,10.7376375,17.60615,2.5863242,-1.9164544,-8.254162,-2.875122,0.9077629,-3.2430992,1.0050824,-6.062418,hey_tvs
1.984,0.017690917,0.1830114680815508,-596.4396,60.092884,-18.133883,10.686152,20.221304,2.1826978,-1.1783367,-6.753236,-1.4629399,1.8064693,-4.267538,-0.19382566,-7.2651343,hey_tvs
1.984,0.017084531,0.17179927723930483,-598.5823,59.887764,-14.553279,14.047476,22.649101,5.5897393,1.3819071,-7.031506,-2.75404,1.7077773,-2.9888175,0.6841824,-7.610972,hey_tvs
1.984,0.01755493,0.17961177723930483,-584.5517,55.180164,-17.329191,10.832724,20.05193,3.6370108,0.84650344,-5.7679124,-2.9149797,0.69413275,-2.0215502,1.1477458,-8.782602,hey_tvs
1.984,0.019541541,0.1570385611631016,-578.83344,58.711514,-14.538967,14.816381,21.693544,2.164911,-2.3653235,-8.620176,-3.0686808,0.7458017,-2.9818966,1.423654,-8.365677,hey_tvs
1.984,0.0069903275,0.1585034049131016,-663.7009,70.66042,-20.534838,16.424675,13.891687,-14.720254,-3.362622,-6.731145,-8.914844,1.2795237,-7.9823036,-12.3165655,-4.833054,hey_tvs
1.984,0.0071041808,0.19304603943850268,-633.9816,57.185745,-25.849674,11.287043,11.978364,-15.149247,-2.9029098,-4.9618435,-10.8146925,-0.5833105,-6.395851,-11.539852,-4.746985,hey_tvs
1.984,0.006577444,0.18783683572860962,-677.5885,63.99883,-32.311764,14.71311,13.092484,-13.884715,3.5956643,-4.34156,-10.064196,3.723777,-5.040687,-10.741725,-7.5654736,hey_tvs
1.984,0.0062730913,0.1648693390708556,-671.3381,71.356735,-33.173325,12.9826565,12.978303,-14.539667,2.055977,-4.3322186,-8.071211,3.8633265,-7.4804664,-11.570537,-4.882544,hey_tvs
1.984,0.00587817,0.19512710979278075,-666.0572,58.44888,-28.340755,10.437235,9.656354,-14.06948,0.5645724,-4.183891,-7.4930882,2.984376,-6.6829057,-11.410354,-6.1923294,hey_tvs
1.984,0.003509981,0.15718739555481284,-722.6979,75.554276,-11.423223,12.516343,13.16904,-12.321526,-10.530379,-11.396215,-5.463905,3.6942725,-6.0188255,-10.502437,-6.3849077,hey_tvs
1.984,0.003681427,0.19918741644385027,-736.56067,61.56579,-13.3029,10.6411,14.11178,-9.024462,-9.014319,-7.902646,-2.4082987,1.9145067,-6.627962,-6.2539577,-2.581906,hey_tvs
1.984,0.004913957,0.13341044869652408,-680.18066,92.011246,-7.019606,17.293724,14.342894,-10.935044,-8.412142,-13.747901,-5.6674433,4.6153197,-7.219881,-9.281873,-8.491288,hey_tvs
1.984,0.004039526,0.19435682653743316,-717.10376,63.28708,-14.801546,12.964277,13.344277,-10.556973,-7.1172724,-9.472643,-4.3593974,5.2014136,-5.328075,-9.110365,-3.7695398,hey_tvs
1.984,0.0037949742,0.19818474264705882,-727.00256,59.396484,-17.628826,12.32541,12.980756,-8.952056,-4.9264874,-7.6584935,-1.1842009,6.2657876,-5.4910693,-7.080871,-3.5824933,hey_tvs
1.984,0.0091095725,0.1327237215909091,-613.7882,91.67702,-22.601957,17.257038,16.109367,-14.686623,-3.8779688,-10.541829,-9.935049,5.7798986,-5.3743157,-14.105072,-6.7494106,hey_tvs
1.984,0.011438533,0.16903147977941177,-599.50024,77.21078,-37.24593,16.953365,20.793467,-16.439772,-5.4376316,-8.831608,-8.863424,7.931349,-2.8994591,-14.524751,-5.891189,hey_tvs
1.984,0.010933241,0.1363610252339572,-599.1976,84.852806,-32.633236,22.860987,21.769655,-14.682886,-2.5011446,-11.834472,-10.728454,8.681275,-4.8856487,-15.48094,-8.051802,hey_tvs
1.984,0.010943856,0.14102189171122995,-586.2546,85.70915,-37.980312,14.111887,18.185827,-17.804987,-4.5655947,-7.977255,-8.778243,7.353448,-3.993048,-14.237305,-6.5298023,hey_tvs
1.984,0.0075622774,0.12481460979278075,-638.9522,95.82982,-15.634618,8.614979,12.264455,-13.10908,-5.208923,-7.253538,-7.4952464,5.854352,-1.9811124,-12.507031,-5.835973,hey_tvs
1.984,0.007369309,0.17465063084893048,-675.2677,58.867664,-19.504892,20.417198,14.451794,-15.984962,-2.7777357,-4.8654523,-7.967848,4.8212557,-1.9756116,-12.1485815,-9.881171,hey_tvs
1.984,0.009926824,0.12074908088235294,-623.29114,89.3835,-12.959646,19.244675,15.583435,-14.1390295,-2.0682151,-8.6304455,-15.495446,-0.48085225,-5.6904345,-16.13835,-12.378089,hey_tvs
1.984,0.010783521,0.14177650818850268,-619.111,73.39362,-20.447622,20.493444,15.711619,-17.094852,-2.4539034,-7.134536,-13.838655,2.418282,-3.2006476,-15.020844,-10.593818,hey_tvs
1.984,0.00961422,0.13917843415775402,-624.48395,76.69833,-16.81427,16.067188,15.802067,-14.593254,-4.623969,-7.173796,-14.380823,-1.7651361,-4.1667376,-13.18837,-8.861538,hey_tvs
1.984,0.0093928045,0.1909884692513369,-630.0949,54.83182,-22.247992,15.917867,12.542303,-15.325355,-2.2433465,-4.967704,-10.120164,1.6565925,-3.6703022,-11.803131,-8.1966915,hey_tvs
1.984,0.008652637,0.21465835979278075,-634.1673,61.846428,-13.655886,11.326311,17.828487,1.070923,-4.0054407,-10.862263,-1.2589427,3.2922294,-6.1518993,-1.2428689,-3.8165123,hey_tvs
1.984,0.010034995,0.16627673796791445,-597.813,65.62961,-11.842834,9.653119,14.945696,-0.0862819,-3.3698711,-9.548276,0.7919473,5.2214503,-6.144377,-1.6349859,-2.9896507,hey_tvs
1.984,0.0076526836,0.1318594376671123,-610.2253,75.80422,-2.4583237,10.743452,14.579316,-0.8465904,-6.3721995,-10.266125,0.82274526,3.4372053,-7.0908084,-1.8621279,-3.10016,hey_tvs
1.984,0.006115036,0.15183457971256684,-644.29913,71.1962,-10.244099,10.613976,16.161789,-0.4156349,-4.6646595,-9.750367,1.2668339,5.6772985,-4.991986,-0.9622553,-4.110697,hey_tvs
1.984,0.006680983,0.1613025359291444,-632.9324,63.200706,-9.686864,8.3743515,14.296397,1.0100083,-3.6177878,-10.056611,-0.62863487,3.281549,-6.2560754,-1.2681338,-2.6704693,hey_tvs
1.984,0.024998134,0.14166945187165775,-533.4237,62.487293,-6.094192,14.666192,15.981032,1.3294506,2.8744638,-4.2315745,-1.0112761,6.7866764,1.9545419,-2.321366,-10.346386,hey_tvs
1.984,0.021387849,0.16256632269385027,-559.67413,85.6137,-15.341764,14.97677,14.1287155,-0.6171441,9.521355,-9.555813,-9.550075,11.049175,2.694118,-6.918201,-9.265656,hey_tvs
1.984,0.018516919,0.15653461313502673,-565.11597,65.73452,-11.3206625,16.099646,14.367133,-3.9158237,2.779225,-7.546277,-7.0804977,8.288136,3.4597404,-5.7366076,-9.450041,hey_tvs
1.984,0.024531726,0.1470666569184492,-557.7272,84.43537,-14.199809,16.870398,20.250326,-1.2070318,3.8232543,-5.1574388,-4.169439,7.8650646,1.0709494,-8.010515,-15.146255,hey_tvs
1.984,0.012565288,0.13032148228609625,-557.81665,83.7565,-1.0496897,17.062428,13.744246,-2.4241192,1.9209177,-6.3716063,-0.29294726,11.431168,1.6613603,-7.1677547,-12.182257,hey_tvs
1.984,0.03194,0.13366111714572193,-509.56876,75.7581,-12.725068,18.246775,15.968015,-10.143481,-4.1229715,-6.5704627,-2.3469691,4.24082,-5.8006115,-6.233193,-8.841676,hey_tvs
1.984,0.0389094,0.16845442012032086,-487.8217,69.27852,-11.679264,14.368699,14.331738,-8.933386,-4.5922503,-6.11146,-3.0663857,2.1480129,-6.078366,-6.3138514,-9.146814,hey_tvs
1.984,0.030743992,0.15240119485294118,-512.1975,76.99036,-9.306477,21.634802,16.191086,-10.830472,-2.2483404,-3.6918876,-0.93469065,4.0276723,-7.299385,-7.4032855,-8.807069,hey_tvs
1.984,0.034081437,0.16673629679144386,-490.70062,82.48451,-16.400587,12.757044,14.618159,-8.720212,-4.1058326,-8.148178,-3.4238455,2.6544452,-7.6648164,-7.8189874,-12.023877,hey_tvs
1.984,0.038919196,0.16736035678475936,-493.97202,73.58906,-13.23025,9.96512,15.910464,-4.835584,-5.276278,-8.68519,-3.0796342,3.8080382,-6.5728617,-9.116118,-9.407747,hey_tvs
1.984,0.02031219,0.17524335728609625,-556.88617,67.767075,-14.181493,16.535555,18.177044,-5.943027,-3.770355,-2.8497782,4.8103313,5.559793,-8.054506,-9.597292,-11.423862,hey_tvs
1.984,0.0228416,0.17741842830882354,-546.60205,68.56381,-12.829961,16.236752,17.538927,-6.7643075,-3.9073112,-1.7119464,4.18971,3.7906952,-7.1584954,-7.8233004,-12.598945,hey_tvs
1.984,0.021713287,0.14650526403743316,-548.3374,79.733604,-14.275002,16.921953,21.92596,-3.486977,-4.511064,-4.3447866,4.416577,4.1910706,-8.505815,-7.4792457,-13.095841,hey_tvs
1.984,0.0230839,0.17623036430481284,-544.6693,75.843605,-21.01939,13.490566,18.61353,-5.9273357,-3.1141207,-4.6637135,1.3534267,3.9273896,-7.5299263,-8.163067,-12.500164,hey_tvs
1.984,0.021749593,0.1717392212566845,-555.1899,68.66275,-15.105781,15.8921,18.64369,-4.5270696,-3.333171,-4.068073,3.6778743,4.1865478,-8.750014,-7.36776,-9.930253,hey_tvs
1.984,0.007189407,0.1880405038435829,-636.3979,54.64062,1.7306584,10.605623,5.544191,-0.44274613,1.6860608,-8.637556,-1.8452348,5.704381,-2.0102851,-0.825861,-4.7957335,hey_tvs
1.984,0.0115784835,0.14968039772727273,-610.03345,57.697662,3.4661884,10.687732,10.377508,3.708542,0.8429463,-9.183429,-1.9406682,5.248583,-2.232991,-1.7809372,-3.8492138,hey_tvs
1.984,0.009662366,0.15016867897727273,-606.3507,63.86153,-0.39874896,11.347613,10.882564,4.105205,3.033726,-9.702695,-1.4395465,7.432336,-2.5435205,-2.083469,-3.6288505,hey_tvs
1.984,0.009997104,0.1576208430815508,-619.4187,58.207302,-2.0990505,11.837382,11.743356,2.5889704,1.3636162,-9.652086,-1.8396114,7.5676284,-2.1537821,-3.041905,-3.7577105,hey_tvs
1.984,0.009404772,0.15570427389705882,-614.146,57.947124,-0.5244709,11.514428,12.064088,3.4135873,0.17080452,-10.281352,-1.02413,7.389059,-1.7331579,-0.9807184,-3.5029306,hey_tvs
1.984,0.015345505,0.14863855698529413,-583.83563,82.825554,-7.8825326,15.271926,23.318253,4.1534967,1.3211976,-9.672351,-7.540962,5.4057746,-3.1565638,-12.209976,-10.493029,hey_tvs
1.984,0.015321832,0.18869067513368984,-579.6102,78.38689,-14.094734,12.487468,19.07658,-0.5238877,1.6495366,-9.007383,-9.069031,6.6571116,-0.28447926,-12.047398,-11.425435,hey_tvs
1.984,0.017078,0.17034748913770054,-566.1019,75.47381,-12.316364,14.037558,19.208887,0.3494436,3.0300946,-9.083031,-9.5089655,7.6935554,0.18241002,-13.034738,-11.654975,hey_tvs
1.984,0.016681926,0.13891471006016043,-569.50726,81.30456,-16.461233,14.939259,26.457058,1.2171224,-0.684554,-6.9801497,-5.798262,6.51243,-0.9940709,-12.092879,-12.6463785,hey_tvs
1.984,0.014665076,0.16243054395053477,-575.6165,74.30027,-10.760445,10.530481,19.100084,2.6638508,1.4550811,-9.625365,-8.579969,6.7078614,-0.29112804,-12.265283,-10.941371,hey_tvs
1.984,0.024006885,0.13471079127673796,-521.7874,66.12728,-14.776059,14.413702,11.531965,-2.198609,4.4069505,-10.3158655,-5.649715,4.7551956,-7.2189293,-6.7097898,-8.741892,hey_tvs
1.984,0.026657008,0.14905111547459893,-506.89798,68.706894,-14.563823,15.685936,8.070231,-4.4632688,7.198215,-10.039192,-6.5335093,5.826772,-7.155631,-7.451071,-9.478411,hey_tvs
1.984,0.02493215,0.145761092078877,-530.954,71.41399,-15.481392,18.072012,10.87647,-5.574148,6.4298277,-9.175087,-7.6580515,4.714924,-5.8211894,-6.4514904,-9.0717945,hey_tvs
1.984,0.027227532,0.17039971173128343,-527.85846,67.84467,-14.25565,16.28758,8.969826,-4.3323135,6.190615,-10.55339,-7.4567947,4.02893,-7.223728,-6.77964,-9.497716,hey_tvs
1.984,0.024724873,0.1768465909090909,-519.0691,68.396065,-18.419811,16.037907,6.4613495,-7.476966,6.819704,-11.026913,-7.857102,5.9343863,-6.2659163,-6.205184,-8.681373,hey_tvs
1.984,0.015512403,0.17709725935828877,-586.25433,77.92355,-7.8586836,19.669886,10.4760275,-14.154802,-2.5771549,-6.563235,-5.7472324,2.415881,-7.287456,-9.664579,-9.072799,hey_tvs
1.984,0.019292422,0.15582177473262032,-566.3181,79.94412,-15.005565,23.057768,18.894236,-16.1142,-6.3346596,-5.5676785,-6.87802,0.66196126,-7.674361,-11.047604,-9.644015,hey_tvs
1.984,0.0017635854,0.28151894635695185,-701.2321,10.355778,-4.865239,2.2972643,3.3436482,-2.4895642,-1.5596273,-0.7515466,-0.46984223,0.6820174,-1.1733333,-1.5931431,-0.39426512,hey_tvs
1.984,0.016421398,0.1427243482620321,-591.2527,78.92369,-10.042309,20.486113,20.587599,-14.081517,-9.22325,-4.3508987,-6.241167,-1.1152058,-6.6484203,-11.610894,-10.257071,hey_tvs
1.984,0.016071297,0.16598951370320855,-575.0638,70.2758,-5.9482284,20.107445,15.7966385,-12.969507,-6.6317673,-3.6484911,-3.9399164,-0.4681483,-6.6064076,-8.196023,-8.224817,hey_tvs
1.984,0.009471272,0.1769040357620321,-624.1118,71.868904,-4.8548217,15.366702,19.150743,0.1606398,-4.899688,-10.964745,-2.5963678,2.8967,-7.9389577,-8.750858,-9.737678,hey_tvs
1.984,0.008240306,0.17925927473262032,-638.33215,73.94288,-7.1971292,12.087104,15.580608,-1.2850312,-3.5047288,-10.523096,-3.2462606,4.0199704,-5.6877246,-8.235997,-11.3137245,hey_tvs
1.984,0.00930884,0.17377851353609625,-634.4021,77.52038,-9.571541,15.987539,17.62203,-2.7664363,-3.3959644,-10.928785,-3.4292495,3.8384428,-6.8879895,-7.390416,-10.333596,hey_tvs
1.984,0.012611879,0.1691933698195187,-597.103,78.21171,-7.9477468,11.660288,16.551928,1.0464209,-2.8223202,-12.717706,-4.531926,3.1863878,-7.1390805,-8.624692,-11.487143,hey_tvs
1.984,0.010609062,0.17764820772058823,-621.1682,77.73356,-8.72985,11.562709,17.443792,-0.6225708,-4.9985127,-11.65682,-2.9554486,3.9904094,-6.622381,-8.352068,-9.929623,hey_tvs
1.984,0.010148414,0.1459255932486631,-623.6026,91.14049,-4.2085953,17.98591,18.021214,-2.6382558,0.25889403,-6.311341,-2.376501,6.230743,-1.3628846,-5.307061,-9.813429,hey_tvs
1.984,0.016302824,0.18007133606283424,-601.955,84.986725,-14.221474,14.1937275,21.034964,-1.1472194,-2.4792962,-11.087678,-6.5957108,5.334825,-1.2849792,-8.039723,-13.87792,hey_tvs
1.984,0.015334126,0.1785647142379679,-598.69586,83.384224,-14.867482,14.217289,19.858835,-1.6991496,-0.5356406,-9.595274,-7.1136355,5.8182216,1.0300689,-7.1520076,-13.940979,hey_tvs
1.984,0.01415314,0.18648427055481284,-603.50934,80.44603,-10.391975,13.565834,19.05574,0.0819069,-1.0800896,-9.22515,-4.201614,6.507041,0.16692218,-6.530596,-13.629714,hey_tvs
1.984,0.014177273,0.17994339070855614,-601.3437,85.96007,-12.832897,12.583893,21.031803,-0.11029412,-2.6587014,-9.245525,-3.541136,6.711332,-0.6816872,-8.098025,-13.202197,hey_tvs
1.984,0.028285736,0.13024837065508021,-509.6952,75.8406,-9.640972,16.954327,22.771852,-6.5165524,-6.308112,-0.77557176,-4.0651083,-7.5734167,-7.7110405,-5.537918,-11.260343,hey_tvs
1.984,0.022456195,0.13197432737299467,-525.1089,80.483315,-11.1463785,12.999626,24.231956,-3.9088645,-9.066659,-1.8627473,0.16404626,-6.0670533,-9.256303,-3.686153,-8.564552,hey_tvs
1.984,0.021106187,0.11938346006016043,-530.43976,90.7817,-10.886896,15.543769,25.89366,-7.2191176,-11.32782,-0.745157,1.0700452,-7.867576,-12.442945,-5.4427495,-8.728562,hey_tvs
1.984,0.021558989,0.1398886614304813,-534.2229,78.011925,-15.318406,13.594719,21.125734,-5.8813634,-6.4570103,-2.0401914,-0.4195375,-6.3104286,-11.362824,-4.0336804,-9.0308275,hey_tvs
1.984,0.020986458,0.16854058739973263,-560.7444,62.50551,-8.770958,8.451955,22.100565,-0.71841383,-9.263002,-1.6349095,0.3442951,-5.6367188,-7.499637,-4.8626623,-7.927226,hey_tvs
1.984,0.02851275,0.16857714321524064,-479.20892,44.95007,-14.075864,9.451037,9.176851,-7.0199943,-4.505323,-10.115727,-5.951887,2.4445143,-6.625557,-11.72837,-8.442969,hey_tvs
1.984,0.028271124,0.17730614973262032,-492.6043,43.046196,-14.470787,7.0745015,10.727511,-4.821517,-6.211771,-11.676982,-7.497367,1.3789705,-4.4239674,-9.951198,-7.790114,hey_tvs
1.984,0.030553395,0.16727157837566844,-488.24774,49.94684,-24.750715,10.040562,13.464801,-7.7840753,-6.18442,-13.448974,-8.725461,2.4541552,-4.5980515,-8.624303,-7.240725,hey_tvs
1.984,0.033310063,0.16546728776737968,-478.34192,49.718113,-20.66509,9.320451,11.904163,-8.666825,-6.528625,-12.034647,-8.744694,1.7163523,-4.579445,-9.268283,-6.9860153,hey_tvs
1.984,0.024232887,0.17181233288770054,-505.91748,47.133408,-9.833265,6.391896,12.151322,-2.4510953,-5.1864853,-9.499714,-6.517575,2.228662,-3.1733882,-10.032064,-6.1957836,hey_tvs
1.984,0.023763154,0.17952560995989306,-530.61096,51.513214,-11.960298,8.827114,13.26112,2.9769022,2.1876018,-6.4035373,2.257025,9.617107,-3.2050111,-5.914519,-6.1643176,hey_tvs
1.984,0.03818454,0.19692617814171123,-518.41003,58.3793,-8.671994,11.286702,15.956179,1.4484828,-3.2187135,-9.545281,0.9120771,6.7760115,-4.8227677,-4.7846093,-5.6436677,hey_tvs
1.984,0.036483135,0.16820114054144386,-510.11484,61.804276,-8.990803,7.435586,15.968602,1.9468005,-5.5660186,-9.575097,1.6497136,6.1940703,-2.7472713,-1.8127667,-5.4208784,hey_tvs
1.984,0.033995714,0.19306692847593582,-495.93774,55.792404,-9.541917,7.8723,16.562748,2.2524672,-4.305283,-7.391524,1.7252507,6.1499257,-1.7586055,-2.8563895,-5.987322,hey_tvs
1.984,0.030830162,0.1726452832553476,-531.28156,56.734203,-12.140409,10.177199,17.96009,4.1427803,-1.8035448,-9.554244,0.4685683,6.5384746,-4.73766,-4.538227,-4.7905455,hey_tvs
1.984,0.045607027,0.10973272476604277,-494.55176,61.781136,-8.197763,15.947201,16.31049,2.6488748,5.212242,-5.984508,-0.12318086,12.0285425,1.4308171,-3.168918,-3.7042243,hey_tvs
1.984,0.039161872,0.1342303434157754,-494.6851,66.53485,-19.050121,14.554613,21.630638,5.5302286,3.7156157,-10.853395,-0.11740579,16.152939,1.3200278,-6.301609,-5.974291,hey_tvs
1.984,0.037018336,0.12654317764037434,-499.71072,65.45596,-10.003686,17.006807,20.9802,5.619646,2.9313347,-9.970781,1.4382801,16.24843,0.9854696,-4.761894,-2.2703526,hey_tvs
1.984,0.04030693,0.09049392129010696,-492.29642,72.01224,-4.749408,16.648237,19.763174,3.192674,0.58902484,-9.144262,0.078426145,12.025774,-2.7276475,-9.526496,-5.5014415,hey_tvs
1.984,0.038101595,0.13096382018716576,-492.45123,68.893745,-13.661834,14.499065,21.30999,6.4370365,2.6404285,-11.514821,0.4309458,14.916432,-2.485086,-8.317515,-3.5630705,hey_tvs
1.984,0.023014126,0.1852048170120321,-551.9617,53.63809,-17.192778,12.742703,20.09668,-2.5896358,-5.7018347,-8.28338,-3.4190586,2.7815182,-2.6035821,-2.4580085,-3.5780852,hey_tvs
1.984,0.022463182,0.1875235001671123,-541.46204,51.50235,-21.715992,13.399786,22.345478,-2.5449598,-7.120936,-9.439981,-3.7988298,1.0557904,-3.3074384,-0.3291848,-3.9371283,hey_tvs
1.984,0.024716144,0.14819205381016043,-530.88403,56.555355,-22.882854,12.622622,24.405201,-0.972864,-5.826657,-8.105868,-4.0276637,1.9623121,-1.4167335,-2.0294604,-6.7992334,hey_tvs
1.984,0.023956653,0.20004125584893048,-543.0138,51.817863,-22.270811,12.159856,21.184412,-4.3943877,-9.120072,-8.446674,-0.65597904,2.869383,-2.9784925,-0.5220533,-4.6220813,hey_tvs
1.984,0.025066927,0.1745409634024064,-543.4616,53.683453,-24.815365,14.363657,22.569483,-4.8664794,-7.121572,-9.658784,-4.592924,4.0686235,0.09222277,-0.8424517,-5.577899,hey_tvs
1.984,0.03038326,0.153610147894385,-529.96075,54.626087,-10.369927,20.080603,21.55126,2.1543467,-0.44067416,-6.4301496,4.008412,8.567732,-3.7960718,-1.9055712,-4.681372,hey_tvs
1.984,0.021715358,0.14721549131016043,-556.25446,75.923325,-13.627237,19.9137,16.406477,-4.401335,1.3001745,-8.004355,0.495416,9.5006,-2.695798,1.6787814,-0.8548073,hey_tvs
1.984,0.020463813,0.18727283171791445,-561.5059,64.44934,-19.737545,10.4307165,17.807697,2.5566022,0.8868178,-8.736248,0.89792085,7.480562,-3.946683,0.79006535,-1.8878323,hey_tvs
1.984,0.02112886,0.18294096758021391,-546.0256,54.07169,-22.411123,15.765242,15.461209,-1.4662952,4.3505144,-7.3836846,-0.67888784,7.6292033,-4.342928,1.2023386,-0.18424033,hey_tvs
1.984,0.017956281,0.17042843415775402,-568.45184,62.146797,-26.18269,10.272586,14.377676,-1.8699412,3.4338777,-6.6464443,0.2644651,7.898445,-3.782269,1.1706666,-0.9652557,hey_tvs
1.984,0.034899257,0.1409957804144385,-505.04797,47.2483,-4.6831813,14.348967,14.33084,-2.2173858,-6.7672048,-11.976992,-2.1343086,5.9670033,-3.5312784,-5.847008,-3.0496814,hey_tvs
1.984,0.033393122,0.145742814171123,-484.22668,58.039093,-10.786479,7.5336094,13.055314,-4.5329156,-8.266736,-11.513541,-4.9932113,5.536021,3.6297934,-0.81205124,-4.7338023,hey_tvs
1.984,0.03154209,0.12272048379010696,-524.72485,58.326088,-14.110868,17.204472,16.025614,-6.7044783,-3.990673,-10.616802,-7.298143,3.66575,-0.9438501,-4.0701766,-6.342826,hey_tvs
1.984,0.027085606,0.1353244067513369,-495.4899,39.377243,-8.017116,18.371208,15.248043,-5.3420033,-5.3869424,-8.662431,-3.2974272,3.9611194,-1.2264421,-2.9253056,-3.4862077,hey_tvs
1.984,0.026632594,0.14268257018716576,-479.8953,46.1194,-13.362482,11.603352,12.763706,-5.5477133,-4.0822453,-7.6727047,-3.2066383,7.112121,3.8723314,-1.520862,-5.9989824,hey_tvs
1.984,0.043335807,0.11163362717245989,-489.38828,60.174393,-12.6923895,10.458545,6.792702,-3.3129883,0.9144504,-11.364931,-1.7914925,5.181465,-6.0414314,3.968934,4.287702,hey_tvs
1.984,0.041542176,0.13206310578208555,-476.43637,57.100044,-11.708927,10.826348,9.621652,0.37569293,0.38697067,-14.166288,-3.0618086,4.9337583,-7.0825047,3.729986,5.060908,hey_tvs
1.984,0.03959365,0.15191813586229946,-479.05743,50.766365,-17.000334,11.198622,10.8530245,1.2157729,2.8886116,-12.771828,-3.9848998,3.0682242,-9.373805,2.3833315,5.5282106,hey_tvs
1.984,0.033161797,0.16943098262032086,-479.2952,50.990692,-15.43159,10.500183,10.5144415,1.4375036,3.222879,-12.410047,-5.5310082,1.9189932,-8.865194,1.9725633,5.941777,hey_tvs
1.984,0.03654395,0.13775275735294118,-484.12244,58.46906,-15.604205,9.398585,5.8468356,-3.7217753,2.2220864,-11.017964,-2.5856946,3.8888614,-8.209059,5.3508844,9.46036,hey_tvs
1.984,0.021927351,0.1597985252339572,-543.436,45.115913,-8.135662,10.786793,6.268977,-5.2322807,5.5325203,-0.53118104,-3.7579927,3.3420842,-1.7259578,-4.620218,-3.8504796,hey_tvs
1.984,0.028049765,0.1903356868315508,-510.11935,39.129066,-8.211865,15.295608,7.033971,-8.165414,1.8303944,-4.5435104,-5.1059136,4.9723268,-0.5314838,-5.7526135,-5.712846,hey_tvs
1.984,0.031386532,0.18570876504010694,-522.89557,47.8931,-15.837315,18.242601,9.245594,-12.22491,0.7041626,-6.578437,-7.592002,5.8423915,0.10056676,-6.3512917,-6.2798843,hey_tvs
1.984,0.029212248,0.1456540357620321,-499.9015,54.7853,-18.065653,12.786343,9.970399,-11.756274,-1.6817297,-5.017376,-5.3746934,5.077679,-0.44919142,-6.848194,-7.300857,hey_tvs
1.984,0.029741822,0.1324599974933155,-508.75082,46.716785,-9.432247,15.316358,6.0670147,-9.488707,0.098052815,-8.317533,-4.58668,9.733469,3.3735588,-3.414878,-6.9378924,hey_tvs
1.984,0.023617342,0.14014194100935828,-526.3899,52.272007,-12.186304,9.431623,11.22347,-1.4412638,0.6986995,-7.793013,-2.776957,6.122982,-3.1714149,-4.9992647,-4.9255314,hey_tvs
1.984,0.025158113,0.13410239806149732,-524.19244,63.95232,-19.658895,4.6102037,12.123141,1.1582459,0.7494288,-11.004416,-4.404734,3.3563912,-5.5080814,-2.8474228,-6.2213097,hey_tvs
1.984,0.031231044,0.12430805063502674,-505.49664,54.977345,-13.985985,6.5775466,13.297943,1.4537919,-1.0650485,-7.9420667,-1.170583,2.9438872,-4.0998883,-1.2705753,-6.032679,hey_tvs
1.984,0.02804573,0.0849609375,-509.68655,58.89989,-15.4441595,5.290635,13.225018,1.6074656,-0.51047045,-7.9806385,-2.2149658,2.0144484,-4.2872415,-1.2202382,-6.850879,hey_tvs
1.984,0.026114728,0.10029871323529412,-516.7964,60.022182,-14.272991,6.104598,16.102177,4.2847295,0.55247164,-7.5978703,-2.907639,2.5180795,-3.14555,-2.732036,-7.509928,hey_tvs
1.984,0.023361987,0.17867699281417113,-512.6166,48.066643,-6.3711624,6.685111,14.658185,5.198221,-1.4795874,-8.945206,-2.902492,3.921309,-1.1491902,-3.5044203,-6.894504,hey_tvs
1.984,0.028184872,0.1874764998328877,-522.7455,60.755817,-27.7524,10.117011,16.8824,0.8149129,0.6369224,-14.623846,-5.497068,7.1649275,-3.393977,-0.6991297,-3.4612854,hey_tvs
1.984,0.033747535,0.16663185160427807,-513.88464,72.980255,-40.148056,5.668461,19.76153,-1.8421088,-3.0725698,-14.708023,-4.456604,7.9664407,-1.6483732,-0.6387342,-6.9599633,hey_tvs
1.984,0.030262519,0.15518988135026737,-511.07367,71.309135,-37.420525,6.4426146,20.668745,-4.473113,-7.685257,-16.138641,-6.548641,5.757513,-3.9310102,-5.1505027,-6.952654,hey_tvs
1.984,0.055146415,0.1464373746657754,-443.273,67.82315,-37.144073,0.8891595,14.640868,-4.5003014,-10.195191,-22.378984,-8.952265,3.762835,-7.2267165,-6.0303288,-8.139607,hey_tvs
1.984,0.007902566,0.19396254595588236,-677.6023,73.52828,-8.133221,-0.5502399,15.207396,6.592798,-3.4368186,-10.738951,-2.6591506,6.2023273,2.1691432,-0.06414571,-4.604812,hey_tvs
1.984,0.01701737,0.16980176303475936,-586.89655,69.379105,-8.134885,-2.2523532,14.955845,7.1513586,-4.733268,-9.4759865,-0.6342146,2.3096461,-2.3158705,1.7018173,-1.9312743,hey_tvs
1.984,0.021730121,0.15751378676470587,-555.6406,75.08969,-11.5237665,-1.2150955,14.735054,3.444043,-5.7293725,-9.237125,0.67247546,5.2249336,-1.6421815,1.308277,-1.3173679,hey_tvs
1.984,0.019174892,0.14647654161096257,-569.628,66.30263,-12.037864,0.7022477,15.403572,5.6404476,-1.9665656,-8.179039,-1.9569591,3.1579654,0.19186524,4.2656574,-0.24504371,hey_tvs
1.984,0.023420023,0.152090470421123,-542.74664,67.62485,-13.488093,-0.94656307,15.063248,4.9775414,-4.2835283,-9.962747,-1.8861483,2.07965,-2.7645962,2.412342,-0.8652135,hey_tvs
1.984,0.039493456,0.11136468081550802,-500.74594,49.522957,-8.53765,9.74772,8.616177,3.5530481,9.310536,-7.3562403,-7.3183084,5.506524,0.29442334,-0.36545804,-1.4163871,hey_tvs
1.984,0.048296694,0.11503592914438503,-499.30963,49.036644,-2.5573578,13.928648,8.848332,2.450177,8.237774,-6.785383,-7.1105094,2.4916682,-1.2388723,1.8337562,-1.3326634,hey_tvs
1.984,0.045582145,0.11550071022727272,-506.83957,46.541157,-6.5499477,14.758301,9.294848,0.1469684,7.419743,-5.840072,-5.783725,2.4629579,-3.2691276,2.0971205,2.0542467,hey_tvs
1.984,0.043989886,0.09983654328208556,-506.71448,48.106953,-3.8775325,16.980568,10.869593,-0.2550962,4.937638,-8.159991,-6.3859487,4.403413,-0.12867554,2.7041805,-0.39661363,hey_tvs
1.984,0.038847767,0.12724818265374332,-512.5145,46.00716,-4.390241,10.675055,7.2596774,0.7433845,6.348182,-4.5995417,-4.601333,1.5012124,-1.7400018,3.148726,-0.6706028,hey_tvs
2.0,0.001946695,0.1023182970412234,-703.6066,143.71587,-23.145348,28.308651,5.2714415,-22.235126,17.846258,-5.498643,-14.474248,4.216322,-13.489951,-4.3156004,3.5511966,non_hey_tvs
2.0,0.009921218,0.038506690492021274,-512.3833,184.04688,-27.60786,41.1897,19.34866,-22.110926,25.960253,-2.4919631,-21.714077,8.374331,-7.4483175,-9.209423,1.8799633,non_hey_tvs
2.0,0.0050284923,0.058687250664893616,-543.0699,172.64848,-39.99496,35.65351,12.817341,-23.446804,28.525156,-7.805981,-25.328224,9.703489,-9.388468,-9.153718,3.1651216,non_hey_tvs
2.0,0.008623338,0.06151564577792553,-521.57166,180.34782,-47.40194,48.481144,14.55863,-28.158876,36.61865,-5.4548182,-25.76633,12.172848,-12.488191,-9.840903,4.7059994,non_hey_tvs
2.0,0.0077181114,0.02473612034574468,-535.2874,198.78029,-26.800962,41.71456,11.091446,-24.342312,32.74767,-4.324058,-22.902256,10.092311,-12.419269,-11.481836,2.5402088,non_hey_tvs
2.0,0.007079563,0.041166264960106384,-533.89667,186.95715,-41.601776,48.976433,21.90014,-22.573233,30.51454,-12.137617,-26.862892,14.297995,-11.194297,-11.8336935,5.4215755,non_hey_tvs
2.0,0.0067404876,0.042412940492021274,-547.52014,186.48347,-42.226063,52.984844,24.610985,-20.837986,33.799816,-10.356038,-26.354362,15.871831,-8.5786085,-10.874856,2.680754,non_hey_tvs
2.0,0.006612798,0.0361561876662234,-553.2635,183.81317,-26.14142,47.73152,14.556357,-22.783022,32.08704,-6.1064596,-20.017387,16.316282,-9.229538,-10.115216,4.2745004,non_hey_tvs
2.0,0.005723606,0.04005724318484043,-563.16473,175.70174,-35.56702,49.826485,26.158722,-17.920834,28.436892,-9.9926605,-23.538755,14.180771,-8.785095,-11.62743,1.6034896,non_hey_tvs
2.0,0.0048850947,0.038553440824468085,-570.56586,172.49998,-35.46112,50.17302,23.902494,-20.986317,29.467247,-3.5919375,-20.010496,10.140407,-11.537629,-8.630959,2.4130638,non_hey_tvs
2.0,0.006355623,0.05693151595744681,-550.3844,168.22969,-39.036106,57.393383,22.18828,-27.026237,30.775738,-4.4885383,-19.923693,14.717282,-11.973998,-11.183806,2.360222,non_hey_tvs
2.0,0.004958496,0.047791825964095744,-561.8725,183.11899,-43.325382,44.622902,17.760244,-26.692907,27.517828,-5.3129334,-19.086744,9.526659,-16.045055,-10.079772,1.2008169,non_hey_tvs
2.0,0.008034223,0.04117145944148936,-535.4717,195.86249,-32.93655,35.23965,9.797184,-27.4364,29.125896,-1.7730076,-23.66564,6.039222,-7.7613816,-4.405463,3.0607076,non_hey_tvs
2.0,0.0060974145,0.050477372839095744,-550.9315,188.80556,-44.706223,49.90176,18.354866,-27.842308,34.698326,-3.3931704,-22.054356,15.180864,-11.502994,-11.839223,4.442673,non_hey_tvs
2.0,0.009109917,0.030816260804521278,-535.2135,175.96387,-21.584753,47.227436,13.742524,-27.051243,27.665749,-4.340599,-22.721617,14.706841,-4.834773,-12.521491,1.4862478,non_hey_tvs
2.0,0.007296963,0.035501683011968085,-550.4521,185.29326,-29.857262,45.297146,14.1080475,-25.335434,31.362225,-3.0807252,-21.286917,10.915729,-11.61232,-11.576546,1.5193893,non_hey_tvs
2.0,0.0063963598,0.0475814494680851,-541.6609,174.6014,-32.028267,46.46064,15.091545,-23.552383,31.763657,-5.074624,-21.527004,12.740044,-10.841132,-11.308386,2.0108097,non_hey_tvs
2.0,0.008137613,0.030987678690159573,-549.7289,175.11476,-32.655636,55.641914,30.579449,-15.6779995,29.703583,-8.774305,-21.986406,14.632153,-10.657974,-15.025349,-2.0881674,non_hey_tvs
2.0,0.0051161824,0.02982930934175532,-574.2753,192.04094,-33.581596,51.04508,21.675617,-23.711363,28.241539,-6.8751063,-18.859482,13.984877,-12.274157,-10.205013,1.0711648,non_hey_tvs
2.0,0.007621651,0.053770674035904256,-528.97064,169.21988,-41.78266,51.741596,24.681547,-22.437868,30.718836,-8.14228,-27.674826,11.468072,-9.776021,-15.0628195,-2.0908206,non_hey_tvs
2.0,0.0059759007,0.026052921376329786,-571.1077,182.1612,-26.746351,51.08359,20.663816,-20.691847,30.85269,-4.67642,-19.4203,13.539859,-10.7899,-10.993634,3.0197916,non_hey_tvs
2.0,0.004635501,0.04088316572473404,-575.4563,179.66934,-37.249027,50.08281,22.742102,-23.445772,28.028103,-5.373314,-20.058132,12.372938,-10.5722885,-10.207529,-0.3107035,non_hey_tvs
2.0,0.006285759,0.04622568982712766,-556.18066,182.05698,-39.939064,55.057785,22.34004,-24.773151,34.675896,-6.0191073,-27.395824,10.909504,-9.905262,-9.586745,2.3719683,non_hey_tvs
2.0,0.009075579,0.02604512965425532,-533.1878,210.50105,-33.48363,45.001125,19.54258,-25.52694,29.748188,-3.5773704,-25.447702,6.5333204,-8.167757,-4.5425143,3.2095594,non_hey_tvs
2.0,0.0032052847,0.09231372589760638,-686.7061,160.12244,-18.041294,35.081356,12.382718,-20.6727,15.441155,-7.903841,-14.621662,4.4792643,-15.375812,-5.7347274,3.4049988,non_hey_tvs
2.0,0.0035886073,0.02823720079787234,-596.4095,188.93007,-28.64276,45.55001,22.98925,-23.450125,16.759432,-9.893011,-16.19305,8.744587,-16.259277,-10.001826,1.0537972,non_hey_tvs
2.0,0.004527267,0.03352518284574468,-583.73755,197.44739,-32.216114,49.34959,20.348085,-30.577854,19.630613,-5.592606,-16.021538,6.8972335,-19.886347,-9.120458,5.0409145,non_hey_tvs
2.0,0.010361272,0.0462386760305851,-512.22687,181.18372,-41.646885,54.395733,24.536205,-28.05956,25.31005,-7.7376623,-24.178883,7.9666877,-10.537964,-5.625614,-0.41498417,non_hey_tvs
2.0,0.00904523,0.033135596742021274,-535.5067,184.17549,-30.995014,46.866352,25.298792,-17.449656,28.24781,-5.916822,-22.72422,7.951294,-10.875996,-6.3399167,5.1712394,non_hey_tvs
2.0,0.0064798202,0.043363530585106384,-556.0595,185.70428,-37.31676,59.606663,23.619598,-25.071074,32.865704,-4.508856,-21.060326,7.6291323,-14.549048,-2.0285802,3.6644287,non_hey_tvs
2.0,0.00507897,0.037901533410904256,-578.2085,183.60593,-34.686413,53.251724,27.98614,-17.685951,26.338324,-10.821645,-18.29834,13.264673,-15.117447,-9.491387,2.42837,non_hey_tvs
2.0,0.005423297,0.032018783244680854,-569.974,187.73708,-25.414213,42.006027,21.37279,-16.419907,24.771776,-10.704244,-22.655941,9.74923,-10.836587,-9.652727,1.439345,non_hey_tvs
2.0,0.005241276,0.03477185837765957,-576.6463,206.5187,-36.835617,46.759693,19.04931,-22.546288,32.64469,-7.370894,-23.637693,9.836052,-13.665374,-5.5281053,5.486287,non_hey_tvs
2.0,0.003954845,0.04136365525265957,-589.3824,192.63316,-45.21849,50.013214,27.616678,-18.57252,30.905668,-11.131733,-24.840525,12.568702,-12.06507,-8.882445,2.6770573,non_hey_tvs
2.0,0.005863167,0.04317393201462766,-561.46344,192.04906,-42.873295,43.429253,22.858929,-17.098345,30.915205,-10.268915,-21.853064,10.895799,-16.521381,-8.804329,5.5897894,non_hey_tvs
2.0,0.0057517183,0.0318837267287234,-574.2438,199.62122,-32.987953,49.04915,21.787909,-20.21879,30.225836,-9.388977,-22.024685,11.682977,-13.762806,-9.144069,1.7718035,non_hey_tvs
2.0,0.0056956587,0.03051238364361702,-567.85455,188.10701,-29.452047,43.356228,23.217108,-15.635121,27.376373,-8.335607,-20.778404,11.360635,-9.812635,-7.449325,4.7600923,non_hey_tvs
2.0,0.0055435738,0.025375041555851064,-577.5261,181.49661,-23.184092,44.3457,26.966007,-11.87588,25.302979,-7.7610803,-19.516283,10.532629,-8.25954,-7.771253,0.95189077,non_hey_tvs
2.0,0.0056392895,0.030629259474734043,-575.2671,189.49142,-29.764736,52.577625,25.423641,-17.021267,33.49212,-6.536465,-24.310095,11.014456,-9.830041,-8.132023,3.7084074,non_hey_tvs
2.0,0.004462796,0.03836124501329787,-575.68634,183.92241,-35.086193,44.9762,24.547222,-17.433998,26.035728,-9.687344,-21.765848,9.460351,-12.435931,-6.6881638,5.4065547,non_hey_tvs
2.0,0.0045936876,0.03466796875,-582.2144,193.06096,-35.82632,48.047344,22.944155,-20.587334,28.33628,-8.901156,-20.504671,13.033066,-12.975074,-9.760556,2.25874,non_hey_tvs
2.0,0.005100107,0.03043706366356383,-573.70447,197.20682,-36.451088,44.72207,24.203709,-17.879885,29.220469,-8.5352955,-23.747211,8.561034,-13.179942,-8.374636,3.8351989,non_hey_tvs
2.0,0.0042418297,0.0368912067819149,-583.45447,199.95317,-42.53756,46.93598,21.297594,-24.051622,30.724121,-5.1764054,-20.484287,9.817061,-14.903834,-6.0537524,5.922449,non_hey_tvs
2.0,0.004723006,0.04264669215425532,-568.513,187.5987,-44.14098,42.019714,26.26238,-17.717653,24.873045,-11.181616,-21.532555,11.036362,-12.533667,-8.440962,1.8517971,non_hey_tvs
2.0,0.007152587,0.021029857878989363,-560.6636,199.89952,-24.139814,40.567223,17.723562,-15.148401,30.19335,-7.311287,-17.899452,11.660029,-13.159034,-6.4422574,5.6999927,non_hey_tvs
2.0,0.005235762,0.0675568276263298,-551.4287,187.25464,-57.429073,40.6576,22.747747,-21.71306,29.532518,-10.2202,-23.77137,10.874243,-13.83435,-6.72366,4.8763742,non_hey_tvs
2.0,0.005135962,0.0367665392287234,-568.05743,194.19934,-39.15422,43.317856,17.997154,-23.778893,29.448013,-6.2432814,-20.413307,12.483366,-11.660202,-8.22524,3.2663846,non_hey_tvs
2.0,0.0055915965,0.052194148936170214,-554.78864,187.79388,-46.318565,44.728546,21.808573,-18.061975,31.909132,-14.3167305,-25.183271,16.279865,-10.197247,-7.708972,4.994132,non_hey_tvs
2.0,0.0057629943,0.022364839594414893,-576.1812,207.30952,-32.11894,44.875504,25.430716,-15.359185,27.253376,-12.497519,-22.076609,12.824861,-12.937568,-11.147537,0.80632913,non_hey_tvs
2.0,0.005405794,0.04422062001329787,-557.95764,185.49312,-40.856976,42.58337,25.313404,-17.993423,26.677904,-8.40694,-22.090097,10.861862,-8.728449,-5.7647233,3.211418,non_hey_tvs
2.0,0.0045002424,0.04674773520611702,-570.4687,192.83374,-45.352528,47.66205,21.256252,-22.938076,29.982485,-10.693675,-21.650791,13.628449,-14.365367,-7.939107,3.6224158,non_hey_tvs
2.0,0.0043432307,0.03243953623670213,-583.5148,186.55536,-32.359085,42.601234,21.576946,-20.731413,24.191141,-6.699853,-18.765587,10.714066,-11.496671,-8.877621,3.0423403,non_hey_tvs
2.0,0.0059382054,0.02807876911569149,-563.9772,190.1037,-34.148464,44.32292,25.028378,-16.268461,27.164566,-10.018657,-22.646055,11.069075,-10.409448,-8.849271,0.70538527,non_hey_tvs
2.0,0.005264713,0.0274658203125,-573.366,191.8435,-25.839853,37.185043,12.531082,-23.24508,26.739529,-3.528522,-19.578388,8.419566,-10.682363,-9.03993,1.2043726,non_hey_tvs
2.0,0.0053450693,0.032958984375,-564.47754,198.66396,-36.19717,39.159645,23.320465,-15.653554,25.370268,-15.783922,-26.468428,14.038733,-7.213131,-9.73926,2.2245543,non_hey_tvs
2.0,0.004961971,0.0303955078125,-576.8799,188.41028,-34.07348,42.440884,26.048943,-13.055237,26.743076,-10.394667,-19.8182,12.4068365,-10.773953,-8.276837,1.9283905,non_hey_tvs
2.0,0.010826717,0.03799503407579787,-507.10504,185.57812,-32.40843,36.803467,21.192907,-17.242212,20.516787,-12.509077,-19.515572,11.073751,-14.9056425,-12.444982,3.7157037,non_hey_tvs
2.0,0.007760444,0.12273520611702128,-563.88794,114.96079,-30.07305,40.87119,18.594164,-19.73434,17.999168,-2.958604,-15.656681,2.5193887,-10.253776,-5.6312647,-2.779643,non_hey_tvs
2.0,0.02591886,0.0451893907912234,-415.7848,179.75362,-28.467579,31.51246,11.345782,-24.800356,21.214935,-6.4237514,-22.930792,6.1046624,-9.217361,-7.721581,3.2986655,non_hey_tvs
2.0,0.021164754,0.047295752992021274,-447.5251,146.71371,-20.84671,36.892616,23.404518,-16.137518,14.193215,-5.091666,-17.859783,4.301548,-8.854948,-14.85456,-7.9433384,non_hey_tvs
2.0,0.0091151,0.04374013048537234,-518.4743,181.82857,-33.803093,37.279163,13.386785,-24.980639,24.433247,-4.9676886,-17.820627,9.144384,-13.668492,-8.269564,3.3417218,non_hey_tvs
2.0,0.012411604,0.03251485621675532,-507.63513,192.12088,-26.79895,41.03312,11.957786,-24.243767,30.38998,-6.5363407,-24.54413,11.786434,-9.21815,-11.150627,2.2008758,non_hey_tvs
2.0,0.009093012,0.0368158868018617,-531.81573,195.23956,-29.860346,44.04434,9.92419,-26.90753,35.500984,-1.63758,-22.58321,11.113915,-9.377427,-7.096753,3.8158066,non_hey_tvs
2.0,0.0066145663,0.043701171875,-550.42267,186.74156,-30.95967,41.148636,9.095469,-29.03345,29.150759,-2.876386,-19.637562,9.778747,-14.768468,-11.144908,4.0700927,non_hey_tvs
2.0,0.006250105,0.0502202460106383,-544.2653,179.67545,-40.54663,44.881638,19.62681,-22.818516,26.356144,-10.402882,-19.713068,13.653138,-15.859368,-12.380917,3.4326646,non_hey_tvs
2.0,0.011259657,0.035249750664893616,-521.50226,186.89308,-24.019941,43.147797,11.580417,-22.228323,30.766336,-9.285428,-23.700504,11.167278,-17.267376,-17.315916,2.4731774,non_hey_tvs
2.0,0.006740479,0.0544667345412234,-545.1864,183.13821,-44.04137,48.275246,18.167223,-23.283283,35.37162,-8.152076,-24.753553,14.367052,-13.58104,-11.944609,4.6435266,non_hey_tvs
2.0,0.009374121,0.0513682263962766,-510.59192,176.62105,-44.71795,32.32225,14.847361,-25.809145,25.965693,-2.5704691,-23.372839,4.95212,-10.935061,-7.4995294,3.4162514,non_hey_tvs
2.0,0.009571306,0.02420888048537234,-527.82214,184.67921,-13.660626,30.679768,11.477506,-16.97367,22.064922,-8.618879,-19.249748,12.425655,-8.663069,-12.382781,3.060885,non_hey_tvs
2.0,0.007821825,0.041563642785904256,-535.9703,164.49446,-22.85539,37.036003,16.910883,-14.137576,25.247381,-9.00134,-20.238441,9.656156,-12.804317,-12.908024,0.986095,non_hey_tvs
2.0,0.007947396,0.05281748670212766,-533.9264,180.83054,-41.63289,53.61074,18.840023,-26.497154,34.206345,-5.2231045,-20.107904,15.880742,-14.282777,-11.255134,5.186429,non_hey_tvs
2.0,0.010641979,0.03500301279920213,-533.1075,183.52684,-17.216362,37.88675,12.151393,-20.01249,25.585484,-5.3145375,-17.04054,11.907567,-11.748408,-12.956273,-0.7588342,non_hey_tvs
2.0,0.008983235,0.03653278756648936,-528.0126,180.69354,-32.432384,42.013977,19.520653,-19.456236,27.280642,-8.3688345,-21.54625,11.673222,-13.839514,-15.153349,0.14063981,non_hey_tvs
2.0,0.0069574234,0.042883041057180854,-545.70605,174.0011,-33.75116,44.536674,16.781202,-19.231028,31.095266,-9.641884,-23.207924,10.692214,-16.005138,-12.511231,4.302705,non_hey_tvs
2.0,0.008255405,0.0408701795212766,-545.1446,174.24387,-24.7423,47.255474,18.419468,-20.636644,25.781143,-8.382993,-19.015335,11.398668,-14.676246,-12.318879,1.6587824,non_hey_tvs
2.0,0.008183504,0.04151948969414894,-550.3453,177.16905,-30.433895,53.457962,22.080744,-19.071388,32.19077,-6.5061936,-17.626148,13.288933,-18.999018,-15.01275,3.4163506,non_hey_tvs
2.0,0.008706158,0.0330576795212766,-539.72614,186.89482,-35.5331,48.902542,14.835331,-26.915228,35.28114,-5.3413396,-26.234686,13.576782,-10.23139,-11.96446,4.4451003,non_hey_tvs
2.0,0.008892617,0.04094030501994681,-532.2184,187.00044,-33.744095,48.56642,20.641062,-20.9496,30.149366,-10.216877,-22.43177,15.260983,-13.716046,-14.484773,2.971587,non_hey_tvs
2.0,0.0076842434,0.061105281748670214,-532.46124,184.51584,-48.27272,33.101357,10.933869,-26.322353,29.117332,-7.6814804,-25.388256,8.574407,-9.8338785,-5.332701,2.957232,non_hey_tvs
2.0,0.00862497,0.0429947224069149,-531.0282,180.86295,-39.160915,39.876194,21.56685,-19.134106,25.100937,-10.158261,-19.596859,15.025782,-14.523689,-17.210537,1.3429722,non_hey_tvs
2.0,0.009318218,0.039937770113031915,-541.559,175.8062,-29.171867,50.229877,20.623049,-19.926235,32.04476,-5.323959,-20.86448,13.896809,-12.544158,-13.977927,3.5951922,non_hey_tvs
2.0,0.0076239845,0.02709701213430851,-547.2945,179.56067,-22.950787,37.00274,18.910107,-13.433159,24.928415,-10.030795,-20.094513,11.6696825,-11.653759,-14.033659,0.053062722,non_hey_tvs
2.0,0.006699208,0.03833786984707447,-555.96326,175.20421,-29.469566,42.05277,22.792673,-15.343765,24.650665,-9.702655,-19.324144,11.485523,-14.594153,-15.367068,-1.1576393,non_hey_tvs
2.0,0.00891416,0.055853661070478726,-519.0972,180.87741,-38.07311,43.893272,11.813831,-25.53924,31.428396,-11.983171,-25.657915,15.15312,-12.037385,-12.324359,3.5202897,non_hey_tvs
2.0,0.0070636026,0.034875748005319146,-557.9278,187.92395,-26.579567,46.403828,17.741493,-22.373781,27.212152,-6.990319,-17.910322,13.764268,-13.497786,-11.353211,3.9637215,non_hey_tvs
2.0,0.00813257,0.035680892619680854,-535.96375,178.59213,-24.38268,40.924706,16.589426,-17.842278,27.359175,-7.021683,-17.770657,12.924647,-12.984932,-12.883204,1.5868235,non_hey_tvs
2.0,0.0064267325,0.03936377992021277,-546.9391,175.43517,-28.465044,47.06965,19.63323,-17.152403,29.987844,-7.635945,-18.14306,12.580535,-14.197371,-10.856969,1.6235259,non_hey_tvs
2.0,0.0084929075,0.041719477227393616,-527.3197,185.7227,-40.49703,41.28152,16.9329,-19.934639,30.494505,-12.728448,-24.67029,14.285715,-11.767873,-11.588376,0.70512617,non_hey_tvs
2.0,0.0073936367,0.04015593833111702,-547.15625,179.81773,-28.79432,44.102436,15.9705305,-20.183123,31.061285,-6.5754614,-20.953363,13.124712,-10.985237,-9.9360285,3.887605,non_hey_tvs
2.0,0.010150479,0.048742416057180854,-510.15146,183.66418,-39.39062,48.592533,18.822802,-27.082375,34.423172,-0.42673638,-25.11192,8.526086,-12.647419,-11.783369,6.2711706,non_hey_tvs
2.0,0.009795901,0.11962371176861702,-555.3141,133.88011,-41.17926,33.566555,13.4768505,-25.31543,19.513405,-3.9289687,-21.567827,2.1115727,-5.992407,-2.4681838,-0.9875279,non_hey_tvs
2.0,0.010580231,0.06287919714095745,-514.2227,175.94162,-46.376667,55.81402,21.597155,-23.86311,33.687122,-14.0873375,-28.603142,14.169678,-12.425566,-10.087237,1.9838741,non_hey_tvs
2.0,0.008262547,0.050524123171542555,-527.7516,177.6995,-41.89005,52.82514,21.164755,-25.07384,32.904106,-4.56093,-22.741583,9.363126,-13.918641,-6.868672,5.2051344,non_hey_tvs
2.0,0.007396611,0.058702834109042555,-525.1115,183.02061,-51.141003,46.518265,21.42115,-22.428308,33.341614,-9.89527,-26.540787,12.5172,-12.811069,-11.821386,0.8753454,non_hey_tvs
2.0,0.007126124,0.03903133311170213,-545.20416,191.35439,-36.46795,44.161144,16.82999,-21.750963,31.438524,-9.691981,-24.630241,10.483281,-13.970908,-7.739784,5.9800973,non_hey_tvs
2.0,0.0067665363,0.04150650349069149,-553.3931,170.76637,-33.579304,50.728756,29.089027,-19.202353,23.167809,-8.305241,-20.470102,10.771419,-14.725931,-17.057655,-1.7014841,non_hey_tvs
2.0,0.006196164,0.039254695811170214,-561.1788,180.51172,-39.65338,53.102882,27.631992,-17.950632,28.261984,-11.294768,-17.690811,16.386642,-17.398796,-13.274503,4.7556543,non_hey_tvs
2.0,0.007867079,0.041189640126329786,-540.47546,184.7515,-36.494705,52.529316,19.177298,-24.33991,31.574677,-10.902268,-26.442675,11.839389,-12.941712,-10.311749,3.6707888,non_hey_tvs
2.0,0.005683471,0.044501122007978726,-551.7385,184.41212,-41.47247,39.874634,13.12634,-25.814203,29.95355,-7.956969,-24.029842,13.140277,-7.547383,-6.899188,2.785808,non_hey_tvs
2.0,0.009525223,0.04217918882978723,-517.29803,200.35509,-42.283184,44.047432,14.452403,-27.923553,30.873638,-7.388239,-23.585527,8.842191,-17.10679,-9.196783,3.702052,non_hey_tvs
2.0,0.006093639,0.06895154587765957,-542.0033,181.55281,-62.24661,46.125977,18.500156,-29.073341,36.721577,-4.626409,-26.161867,13.246822,-8.247109,-3.8355012,7.0258203,non_hey_tvs
2.0,0.006563735,0.03846253740026596,-542.74603,167.50044,-30.653133,44.983166,23.808226,-16.255896,25.201199,-3.521629,-13.719065,5.1694336,-20.764906,-8.307636,4.242281,non_hey_tvs
2.0,0.006528448,0.03027863198138298,-552.31366,184.79272,-38.963028,46.56513,26.841467,-18.66002,22.879034,-12.355627,-19.24706,12.505189,-16.603043,-11.630627,4.963281,non_hey_tvs
2.0,0.007995273,0.050744888630319146,-543.6684,183.07817,-39.08927,58.603973,22.808147,-22.11468,35.982628,-11.074004,-27.367044,12.372568,-15.277035,-11.571166,2.9654586,non_hey_tvs
2.0,0.006610315,0.05916254571143617,-543.66675,180.45546,-47.687603,52.37845,21.433622,-26.714605,32.170715,-5.862902,-21.313381,13.306444,-14.531633,-9.156406,5.5798926,non_hey_tvs
2.0,0.0077728904,0.041558448304521274,-542.7276,193.18108,-41.126892,48.479362,22.075527,-21.167202,33.775436,-6.636063,-23.674513,10.677182,-14.485351,-9.773403,3.5133772,non_hey_tvs
2.0,0.006571034,0.0337173786569149,-554.9409,190.9685,-34.710537,45.921326,23.129992,-17.995985,30.32215,-7.0850115,-22.339516,8.962305,-12.241946,-6.981987,0.94692403,non_hey_tvs
2.0,0.008051882,0.03398229720744681,-544.3662,182.8741,-23.95033,42.638382,16.231546,-21.832619,26.73424,-4.583647,-18.46022,10.788762,-14.251948,-13.445806,2.5148048,non_hey_tvs
2.0,0.0064233616,0.04858138713430851,-538.42804,181.43468,-34.21381,40.81482,16.342068,-23.714289,26.822947,-5.265524,-19.290262,11.934573,-12.391548,-8.976595,6.8901706,non_hey_tvs
2.0,0.009312535,0.024977663730053192,-545.28,183.46626,-19.396063,44.21789,21.282915,-14.444289,25.219675,-8.194807,-18.319403,8.014249,-16.387478,-10.603464,3.1365805,non_hey_tvs
2.0,0.0069134356,0.04759963015292553,-540.5278,171.8712,-33.464542,45.298645,21.848322,-19.229382,27.426046,-10.105541,-25.879028,11.86553,-9.687588,-13.833745,0.9705297,non_hey_tvs
2.0,0.0101952,0.056466609873670214,-504.4798,157.39954,-35.82746,54.51716,25.593382,-29.119947,22.074448,-2.1986358,-23.077753,5.1131372,-7.890953,-7.0181546,-0.2386757,non_hey_tvs
2.0,0.0063317404,0.06569980053191489,-542.2673,182.13385,-53.217888,45.582043,22.111118,-23.735867,29.232977,-11.737372,-23.757616,14.626852,-13.667743,-10.623595,5.513937,non_hey_tvs
2.0,0.005461041,0.056432845744680854,-553.3561,173.21744,-45.391632,53.16751,20.242548,-26.288567,30.610876,-10.69487,-25.11247,14.789444,-9.563751,-8.678127,2.7221456,non_hey_tvs
2.0,0.008332257,0.0453867810837766,-520.58356,179.80875,-34.972763,39.70662,14.516339,-23.875467,28.071072,-7.1650243,-24.525084,9.370843,-11.023578,-9.679602,3.4635088,non_hey_tvs
2.0,0.00904694,0.02368683510638298,-524.03375,204.98502,-26.0702,35.753563,10.129823,-25.869068,26.560396,-7.4270253,-26.105469,7.2666965,-9.046226,-7.6344213,2.811737,non_hey_tvs
2.0,0.0050924565,0.0456802692819149,-565.77704,184.33669,-40.87636,47.23621,21.829348,-22.390917,28.973488,-7.7574086,-21.623734,11.435472,-13.913508,-10.725572,1.9142455,non_hey_tvs
2.0,0.006299457,0.03715612533244681,-550.87823,192.05096,-34.164692,46.18437,16.456966,-25.46335,29.084307,-9.323637,-25.271584,10.88566,-13.228479,-12.55212,1.5781691,non_hey_tvs
2.0,0.0059065227,0.05608741273271277,-545.82385,177.51414,-44.326714,46.765312,20.247927,-27.228294,27.488157,-3.6638873,-19.931337,8.553252,-14.494884,-8.535616,2.2669184,non_hey_tvs
2.0,0.007582511,0.04118184840425532,-542.5302,183.30211,-39.115383,53.620113,28.676207,-19.585945,26.009148,-14.002571,-22.178701,14.745968,-17.17999,-14.457418,5.268567,non_hey_tvs
2.0,0.0064123226,0.04419984208776596,-546.51447,183.6025,-34.35687,41.25519,15.592176,-21.486757,30.764462,-4.996332,-20.286255,9.863925,-14.027865,-7.9886227,6.0419726,non_hey_tvs
2.0,0.0073520984,0.029764378324468085,-546.62897,189.04318,-37.104607,44.936935,26.617332,-19.947594,21.64441,-9.739889,-18.252651,12.687188,-12.177089,-8.755981,2.5138268,non_hey_tvs
2.0,0.006155092,0.04286486037234043,-555.5256,184.13406,-34.7622,50.816177,16.956797,-27.931948,29.622744,-3.235691,-16.5855,12.254798,-18.352219,-12.700328,4.815756,non_hey_tvs
2.0,0.008838468,0.04744639295212766,-521.9376,187.44139,-37.831474,43.774097,16.627893,-28.147753,26.729881,-7.103626,-25.455727,10.33613,-11.498737,-14.648869,1.5879745,non_hey_tvs
2.0,0.007883924,0.04400245179521277,-543.94025,185.34221,-40.90237,44.813374,22.836584,-20.378632,28.424603,-7.791335,-18.608389,15.708704,-12.361769,-10.684453,4.1126103,non_hey_tvs
2.0,0.0070668776,0.05232141373005319,-539.4749,187.72185,-47.331814,44.190918,24.02378,-20.424582,28.466074,-13.532625,-26.477839,17.854996,-5.8291416,-11.247338,2.8929894,non_hey_tvs
2.0,0.010422679,0.038106715425531915,-510.5697,196.88971,-36.92167,38.799923,17.681906,-24.270704,25.181547,-6.967597,-21.231596,10.843565,-12.345735,-11.171218,3.0394547,non_hey_tvs
2.0,0.006122557,0.06992810837765957,-534.3563,163.2773,-47.95466,40.854523,23.122662,-25.585579,20.747686,-6.8985076,-22.145937,8.180091,-13.215658,-12.990767,1.7094041,non_hey_tvs
2.0,0.009525018,0.03787556100398936,-519.8729,194.27385,-38.287937,33.23532,17.871687,-16.584621,30.06569,-8.558772,-24.907501,10.257794,-8.922021,-9.506063,2.1439714,non_hey_tvs
2.0,0.0072340583,0.024014087433510637,-554.80554,205.173,-31.686853,39.29271,14.741916,-23.737408,28.053846,-7.8920007,-23.684921,9.214938,-12.219496,-9.094576,3.591377,non_hey_tvs
2.0,0.009456662,0.05089812583111702,-516.69995,190.88992,-54.338593,39.547523,20.336346,-24.384792,29.353085,-8.017565,-24.274176,8.233888,-17.30996,-10.406932,5.202793,non_hey_tvs
2.0,0.006514889,0.03990140874335106,-546.2282,192.24823,-46.147877,48.130386,25.070541,-23.920156,27.003763,-8.309537,-19.84326,13.094726,-14.856765,-10.054094,5.7969904,non_hey_tvs
2.0,0.013539667,0.040002701130319146,-493.90222,190.65234,-30.500841,36.217354,15.666128,-21.429844,26.457941,-10.1876335,-29.357946,6.6415205,-11.137872,-13.145318,1.7981613,non_hey_tvs
2.0,0.013034993,0.10080150847739362,-519.992,127.31609,-16.53126,17.998869,10.622835,-13.015821,13.749135,-2.149231,-15.774271,-0.70886135,-8.063696,-5.1390986,1.144418,non_hey_tvs
2.0,0.018147716,0.04168311585771277,-446.52734,169.68192,-24.391888,29.70976,15.438748,-17.138494,19.409252,-4.992365,-15.429523,5.5390754,-14.128381,-7.461997,4.5715017,non_hey_tvs
2.0,0.018252615,0.04797623005319149,-456.2703,195.62105,-39.928,26.658495,12.473422,-21.262033,23.838575,-6.2726965,-16.821892,7.606227,-14.6830435,-6.1185246,2.5200055,non_hey_tvs
2.0,0.017419564,0.057515895113031915,-446.06516,195.21262,-43.04699,26.073183,7.3502398,-28.667948,23.002663,-5.8225255,-18.463774,7.527022,-16.793455,-7.9486628,6.4050145,non_hey_tvs
2.0,0.014342978,0.024606258311170214,-495.77692,205.45238,-21.769175,22.443954,14.341618,-13.868355,18.669456,-8.021761,-14.316245,7.614016,-12.240736,-5.0284357,3.3429656,non_hey_tvs
2.0,0.019164534,0.02885274684175532,-461.2539,197.14078,-28.738094,28.780287,23.652708,-13.099454,14.47339,-13.186542,-15.720836,9.518026,-15.153653,-9.477534,3.8275127,non_hey_tvs
2.0,0.018370278,0.03140323720079787,-469.3594,200.50826,-21.249884,25.8258,9.936194,-23.476751,16.018166,-4.304383,-11.161669,7.587302,-15.656598,-7.4321127,4.2704473,non_hey_tvs
2.0,0.017195856,0.03406281166888298,-461.64786,192.14648,-33.427227,33.623592,23.296722,-15.638721,20.817986,-7.7760997,-16.71719,8.707151,-14.502387,-8.684722,4.4873514,non_hey_tvs
2.0,0.014598379,0.05504591921542553,-458.55466,172.86899,-50.00349,27.507038,25.775118,-17.243345,16.202257,-7.161481,-14.99109,8.112695,-15.066258,-10.796018,0.9967109,non_hey_tvs
2.0,0.015835263,0.0329330119680851,-470.1497,199.8981,-38.097553,29.870884,22.001064,-15.758968,20.115103,-8.98655,-16.570004,6.6600804,-14.750525,-2.17401,5.8432784,non_hey_tvs
2.0,0.01005357,0.03364985039893617,-518.59375,187.77585,-25.80325,24.441277,11.716934,-18.18352,20.958828,-9.51952,-23.316847,6.8802886,-9.90158,-12.792434,-1.3683542,non_hey_tvs
2.0,0.014412477,0.04401024351728723,-487.26746,179.28413,-35.970104,36.097164,21.616308,-16.207506,21.90449,-7.2694983,-13.242762,9.444059,-15.7400875,-5.0181317,4.2406964,non_hey_tvs
2.0,0.016400013,0.033345973238031915,-469.99744,197.56493,-41.638577,34.283916,23.026289,-17.29539,23.829288,-7.6294155,-16.992723,9.659718,-14.76903,-5.254214,5.5284553,non_hey_tvs
2.0,0.012004683,0.041563642785904256,-480.16855,189.97473,-40.680206,23.12408,13.000459,-18.197577,23.1011,-8.07448,-17.044865,8.970161,-11.9843645,0.92298466,12.05706,non_hey_tvs
2.0,0.016992481,0.0336186835106383,-472.99402,192.27313,-32.771355,36.316963,22.047459,-16.384878,20.982647,-9.307651,-14.751683,9.758043,-17.129486,-7.0844603,5.9336443,non_hey_tvs
2.0,0.012104981,0.07447847406914894,-474.69025,162.6757,-48.906223,37.52199,21.340797,-19.608519,23.907753,-9.3234825,-16.449547,15.550384,-12.502408,-9.860336,4.519719,non_hey_tvs
2.0,0.014436265,0.05758342337101064,-458.19888,184.89719,-49.104145,30.008272,15.238435,-25.040161,21.52636,-9.58812,-18.857946,13.586927,-9.808135,-5.482523,6.316094,non_hey_tvs
2.0,0.016916083,0.04008581283244681,-468.30536,192.0566,-32.3368,34.617126,15.928129,-23.465317,22.280123,-2.8726723,-14.932474,7.871291,-12.93579,-4.7051926,4.624651,non_hey_tvs
2.0,0.015567969,0.0429194024268617,-466.31732,171.81451,-25.593353,35.68087,20.942984,-16.231316,20.573902,-5.9153466,-17.910568,7.140899,-10.049079,-5.5278034,4.180053,non_hey_tvs
2.0,0.012777988,0.040709150598404256,-483.20837,176.90242,-29.150461,26.765566,13.426936,-19.964464,18.504307,-5.5671015,-13.222739,11.685723,-12.170935,-9.711058,4.6770644,non_hey_tvs
2.0,0.021805229,0.026507438497340427,-441.4121,201.00548,-21.959995,31.447744,16.424244,-19.488894,18.928677,-7.308626,-16.181316,9.507826,-14.146015,-11.209449,3.7230387,non_hey_tvs
2.0,0.010400226,0.05462256898271277,-520.4192,195.77809,-42.294926,43.17529,15.789385,-29.938454,30.988348,-3.1795115,-28.433453,4.509224,-11.951879,-9.313248,1.59651,non_hey_tvs
2.0,0.017132595,0.04210386884973404,-453.0263,182.08163,-32.21902,21.648071,16.100477,-18.422148,14.730078,-7.2636867,-15.823752,7.7529373,-10.787044,-8.527811,2.0634468,non_hey_tvs
2.0,0.015585798,0.034086186835106384,-482.26193,202.55951,-39.54728,37.4032,23.062449,-19.27917,23.025791,-8.145276,-16.328123,11.838712,-12.702525,-4.668726,5.1937327,non_hey_tvs
2.0,0.019300485,0.033826462765957445,-458.38464,203.45055,-29.782347,41.664104,18.283976,-27.131922,20.484293,-6.974424,-16.369902,13.276572,-14.148965,-10.129176,5.542287,non_hey_tvs
2.0,0.012757686,0.03629903590425532,-484.95746,176.89474,-30.083168,29.430996,23.382023,-12.626475,17.276714,-8.264306,-14.2235155,11.631481,-10.560192,-8.643486,5.287111,non_hey_tvs
2.0,0.013823687,0.054064162234042555,-460.82736,157.31207,-37.52323,29.308178,24.717615,-13.312261,14.593563,-9.810121,-14.958956,10.436623,-9.689755,-7.2348814,2.0756748,non_hey_tvs
2.0,0.020135352,0.03377451795212766,-453.4165,188.4632,-24.29956,26.307968,10.140364,-20.604088,21.875013,-4.1718435,-15.197987,10.644626,-10.855607,-7.6692724,6.6527734,non_hey_tvs
2.0,0.024041599,0.042428523936170214,-417.68152,186.23076,-45.62168,29.59069,22.49131,-19.977413,18.780272,-8.187315,-19.275747,7.960189,-12.7008705,-8.903402,1.9225472,non_hey_tvs
2.0,0.021504618,0.032491481050531915,-454.5434,174.8079,-28.03741,30.949713,23.511957,-9.847891,18.477612,-7.5388403,-11.288829,7.758889,-16.432034,-8.210722,1.8885897,non_hey_tvs
2.0,0.020880435,0.024258228058510637,-462.1426,198.03362,-22.555807,26.79645,13.1604395,-22.680153,16.409523,-4.880978,-16.167372,7.999966,-9.611234,-7.197011,2.8797834,non_hey_tvs
2.0,0.014510885,0.06629976313164894,-453.50192,163.01044,-50.048157,34.855156,24.222515,-17.961102,20.400227,-9.747356,-18.500832,9.15005,-12.931196,-7.153782,2.6079202,non_hey_tvs
2.0,0.0090542985,0.024104990857712765,-538.0223,189.31836,-13.206457,40.168407,15.321271,-20.613482,27.922577,1.964688,-20.447515,4.1572943,-7.816857,-8.160397,0.23151317,non_hey_tvs
2.0,0.0023788745,0.09802505817819149,-696.5411,143.23462,-16.115358,42.49806,15.324021,-17.588446,16.80843,-10.1205,-13.612515,4.9061384,-18.369074,-6.809974,2.4919398,non_hey_tvs
2.0,0.0039419993,0.07381617769281915,-563.5446,181.3024,-58.156197,57.162525,20.672567,-36.99024,29.924992,-1.6541576,-20.023087,6.981858,-17.709097,-5.9552236,0.6080259,non_hey_tvs
2.0,0.0144810425,0.06534397855718085,-448.24332,170.13615,-48.847042,43.468666,20.274055,-24.723192,30.2082,-4.5339837,-25.611313,5.1255765,-14.460826,-7.823212,4.6118965,non_hey_tvs
2.0,0.013673888,0.0503890666555851,-470.29178,175.52759,-41.67056,24.513119,7.2433205,-28.017246,23.177721,-3.2919571,-20.870872,8.027502,-10.473379,-9.740321,3.1830504,non_hey_tvs
2.0,0.016027438,0.0292241522606383,-482.89066,197.88435,-31.35646,32.917435,21.183388,-16.288519,20.79385,-11.222889,-16.627033,17.76182,-10.003428,-10.037121,8.896052,non_hey_tvs
2.0,0.014479982,0.05534200465425532,-459.77563,182.31033,-44.780743,31.137802,14.297688,-20.603062,28.27908,-9.853682,-24.107464,11.160385,-12.520802,-9.314902,6.1633277,non_hey_tvs
2.0,0.015685182,0.047326919880319146,-467.2021,190.55438,-35.430626,36.890587,13.386101,-23.511782,25.909039,-11.03786,-20.715881,14.208205,-15.795525,-12.925846,6.874341,non_hey_tvs
2.0,0.010718658,0.050965654089095744,-497.71063,180.11029,-29.844763,37.728943,13.466779,-23.387592,24.841066,-5.5380235,-17.169052,11.243343,-13.422496,-8.221191,6.8565025,non_hey_tvs
2.0,0.010421148,0.03788335272606383,-517.4396,191.265,-25.15051,39.077328,9.260408,-25.967724,26.898874,-4.809159,-15.61512,14.576632,-11.582181,-6.4913874,7.7445083,non_hey_tvs
2.0,0.010003627,0.047064598570478726,-498.91876,199.66843,-44.15026,23.066656,4.101579,-23.819874,31.344196,-8.899014,-24.368813,12.534079,-9.852463,-7.1441402,6.2339964,non_hey_tvs
2.0,0.012655098,0.050589054188829786,-481.69772,171.27354,-39.0692,25.831236,12.783954,-21.307432,22.848236,-7.287811,-26.465733,2.9178536,-9.255236,-9.785344,-2.8894289,non_hey_tvs
2.0,0.012911356,0.03973778257978723,-501.43567,187.93916,-27.896023,35.76795,19.074184,-13.23258,29.608128,-6.8929014,-21.90301,7.8373322,-14.3795805,-10.674603,4.1295056,non_hey_tvs
2.0,0.010679308,0.03228370179521277,-521.0259,187.04726,-17.504992,37.889065,17.990591,-13.038183,26.311346,-8.406178,-17.952984,12.095901,-10.946182,-8.190275,4.513862,non_hey_tvs
2.0,0.00903033,0.05652634640957447,-500.65143,171.51413,-43.218067,30.377346,13.673041,-16.674002,28.18284,-13.176991,-22.35984,14.661136,-12.057374,-9.32953,7.361319,non_hey_tvs
2.0,0.0112149725,0.040792262300531915,-500.64996,181.90262,-32.236576,36.881,16.02824,-15.649869,29.68086,-12.581295,-23.642843,14.331468,-12.16353,-11.522944,5.547503,non_hey_tvs
2.0,0.015124636,0.04225450880984043,-484.80524,188.90604,-28.386986,36.5939,13.305494,-24.204884,25.145975,-3.7867515,-16.77975,10.493877,-15.665015,-12.118977,4.4828324,non_hey_tvs
2.0,0.009890355,0.05743797789228723,-499.4645,184.95663,-40.298893,28.651157,6.5640507,-25.36634,28.91317,-7.4104223,-23.15384,11.73445,-10.61591,-8.241538,7.797932,non_hey_tvs
2.0,0.012358754,0.049890396442819146,-483.12384,192.36623,-38.682114,32.537975,12.486702,-20.23596,29.20978,-12.170335,-24.63748,13.894035,-11.943058,-11.413796,6.018065,non_hey_tvs
2.0,0.010886441,0.04098186087101064,-512.745,171.64305,-23.053759,38.46907,21.770884,-16.175314,21.01352,-6.5027647,-17.820562,10.169094,-9.381483,-9.197072,2.082367,non_hey_tvs
2.0,0.009907878,0.040628636136968085,-510.25616,184.02925,-38.360897,38.469296,19.743927,-17.957706,30.309498,-7.865676,-24.258352,11.420966,-10.697923,-10.602582,4.1643643,non_hey_tvs
2.0,0.01296205,0.049352767619680854,-484.29413,182.09795,-41.70294,37.219593,18.454346,-21.861702,29.077732,-5.2242465,-23.009617,12.196669,-9.04292,-11.55219,1.755853,non_hey_tvs
2.0,0.0095410105,0.03908068068484043,-523.43,202.46834,-36.56144,38.822742,14.770035,-26.812334,25.643202,-7.747804,-24.352509,8.000491,-10.178372,-6.706285,2.1025157,non_hey_tvs
2.0,0.014996087,0.0323252576462766,-485.2426,191.51733,-29.864344,29.884521,17.3991,-12.481825,27.311005,-9.81412,-21.100504,11.714779,-11.031867,-9.263531,5.679585,non_hey_tvs
2.0,0.014543413,0.035631545046542555,-480.50192,194.72197,-24.639057,28.001198,10.439639,-21.043552,25.004114,-4.2103043,-18.644114,11.370609,-9.751942,-9.729304,5.894838,non_hey_tvs
2.0,0.011462265,0.05541472739361702,-487.079,171.42372,-49.761135,34.338814,19.233612,-18.3466,26.481108,-13.541961,-26.39533,10.39574,-12.304172,-11.694622,1.1423626,non_hey_tvs
2.0,0.010184944,0.04617634225398936,-505.084,184.04779,-42.91563,34.195557,14.646635,-19.404352,30.579922,-11.007059,-25.139162,14.610938,-9.031429,-11.1354885,2.9605901,non_hey_tvs
2.0,0.011101223,0.03635877244015957,-505.70224,191.00766,-28.370117,28.829647,6.777719,-20.895311,31.058931,-3.8511755,-20.837797,11.260997,-9.397209,-10.597842,2.5284035,non_hey_tvs
2.0,0.006821559,0.04505173703457447,-531.5102,166.39421,-40.482838,39.076965,19.66733,-17.748104,26.15439,-9.4860935,-18.123198,12.788961,-14.53485,-10.037626,4.348513,non_hey_tvs
2.0,0.014075016,0.027164540392287235,-485.4359,205.35576,-25.8728,35.593395,11.409639,-20.985601,27.464895,-14.270006,-26.673708,14.570084,-9.526779,-10.244032,7.1813135,non_hey_tvs
2.0,0.008444564,0.038717066988031915,-527.457,182.72565,-34.69696,43.190475,20.141405,-16.525188,28.752914,-12.173408,-22.186615,12.374135,-13.302091,-8.684385,3.8569894,non_hey_tvs
2.0,0.010044207,0.02503220578457447,-524.0356,183.02075,-22.468758,36.714745,15.740984,-14.762355,25.521328,-10.799636,-18.201923,12.625378,-14.244643,-10.518587,5.525005,non_hey_tvs
2.0,0.009656952,0.04423620345744681,-508.6442,198.1405,-37.261097,38.615257,6.3890457,-30.922691,33.39539,-4.6690373,-24.809809,13.5469265,-10.309312,-10.969037,7.435486,non_hey_tvs
2.0,0.007493995,0.050116356382978726,-533.9075,186.31319,-41.85898,37.56112,15.98714,-23.215603,27.627167,-9.304434,-26.784569,6.8343034,-10.200151,-5.8724346,3.5556738,non_hey_tvs
2.0,0.0071241385,0.10164561170212766,-606.0439,138.40083,-16.189772,28.767828,5.5270724,-24.03838,18.678846,2.512521,-15.692453,0.9773714,-8.67842,-7.4393854,-0.030799404,non_hey_tvs
2.0,0.009938134,0.04441801030585106,-515.043,184.80838,-39.747765,49.56455,16.580976,-32.251022,25.56716,-3.353768,-15.955114,11.295906,-17.997618,-13.417404,0.64445335,non_hey_tvs
2.0,0.012692435,0.02514388713430851,-516.4141,186.92014,-13.442702,36.087803,8.332914,-24.180996,29.07722,2.4354084,-21.269344,5.758132,-7.826813,-10.355473,1.4984845,non_hey_tvs
2.0,0.009797599,0.03308624916888298,-529.6933,194.74016,-33.83378,46.5016,15.778755,-22.905447,34.977943,-4.8379745,-24.29067,8.049126,-14.521484,-9.081122,3.0832305,non_hey_tvs
2.0,0.010119038,0.042867457613031915,-521.76385,173.96437,-25.44575,48.43044,18.289703,-25.456835,25.485802,-2.46969,-16.61268,11.573915,-15.816938,-16.874643,0.71613264,non_hey_tvs
2.0,0.008492811,0.03656395445478723,-543.4989,166.97859,-26.31216,46.10808,24.771587,-16.93891,21.554441,-10.045714,-19.377285,12.1056595,-12.920503,-14.761802,2.434127,non_hey_tvs
2.0,0.010225069,0.04556339345079787,-511.38962,187.1258,-33.885162,41.468494,11.690318,-29.232859,28.635742,-3.261769,-22.366632,8.99473,-13.711057,-12.159055,3.2485955,non_hey_tvs
2.0,0.007573524,0.04054552443484043,-539.72986,194.54172,-39.343803,44.2272,11.573205,-33.051384,34.34361,3.574251,-23.30865,7.987472,-8.965592,-7.473004,4.185206,non_hey_tvs
2.0,0.00810161,0.027374916888297872,-533.5469,196.17624,-29.133205,43.372284,10.68785,-27.336052,35.046467,-0.3933268,-22.649206,12.258662,-9.54514,-10.562785,6.2359514,non_hey_tvs
2.0,0.008935809,0.0483658161569149,-524.07404,180.9997,-37.494095,46.1376,18.419518,-25.255398,30.900858,-3.4371996,-23.457163,9.69965,-12.116047,-11.468516,2.9765308,non_hey_tvs
